{
  "project_info": {
    "project_number": "957004171494",
    "firebase_url": "https://atmpro-22fa6.firebaseio.com",
    "project_id": "atmpro-22fa6",
    "storage_bucket": "atmpro-22fa6.appspot.com"
  },
  "client": [
    {
      "client_info": {
        "mobilesdk_app_id": "1:957004171494:android:0e7d56c6ebeadc0f",
        "android_client_info": {
          "package_name": "com.bri.atmpro"
        }
      },
      "oauth_client": [
        {
          "client_id": "957004171494-lidc04185e53sunght0qq3cpf9hb1q9b.apps.googleusercontent.com",
          "client_type": 1,
          "android_info": {
            "package_name": "com.bri.atmpro",
            "certificate_hash": "7089fd51356612b4348f9ededb450e62d7051ee7"
          }
        },
        {
          "client_id": "957004171494-rj06e65q8top4kommb0ag9nd6sp5scr1.apps.googleusercontent.com",
          "client_type": 3
        }
      ],
      "api_key": [
        {
          "current_key": "AIzaSyCVznDX2Ww5OegXLuTQluS50bvbRrHrFk8"
        }
      ],
      "services": {
        "analytics_service": {
          "status": 1
        },
        "appinvite_service": {
          "status": 2,
          "other_platform_oauth_client": [
            {
              "client_id": "957004171494-rj06e65q8top4kommb0ag9nd6sp5scr1.apps.googleusercontent.com",
              "client_type": 3
            }
          ]
        },
        "ads_service": {
          "status": 2
        }
      }
    }
  ],
  "configuration_version": "1"
}